trial_index,iteration_index,food_coordinate_x,food_coordinate_y,smell_concentration,distance,best_position_x,best_position_y
22,0,-9.889388911732471,9.389300529204363,0.32829177554796735,3.046070826266825,-7.465573442264809,6.682452498035765
22,1,-9.889388911732471,9.389300529204363,0.2176400238309106,4.594743110196139,-5.800000000000001,4.800000000000001
22,2,-9.889388911732471,9.389300529204363,0.12986148098836295,7.700512826352345,-2.5,1.5
22,3,-9.889388911732471,9.389300529204363,0.08087765892866966,12.364353929704537,1.9000000000000004,-2.8999999999999995
22,4,-9.889388911732471,9.389300529204363,0.058720341519901596,17.029873705027384,5.199999999999999,-6.199999999999999
22,5,-9.889388911732471,9.389300529204363,0.043807354386733874,22.82721734738742,10.1,-11.1
22,6,-9.889388911732471,9.389300529204363,0.03600168374601237,27.7764786518009,14,-13
22,7,-9.889388911732471,9.389300529204363,0.03600168374601237,27.7764786518009,10,-10
22,8,-9.889388911732471,9.389300529204363,0.03600168374601237,27.7764786518009,10,-10
22,9,-9.889388911732471,9.389300529204363,0.03600168374601237,27.7764786518009,10,-10
22,10,-9.889388911732471,9.389300529204363,0.03600168374601237,27.7764786518009,10,-10
22,11,-9.889388911732471,9.389300529204363,0.03600168374601237,27.7764786518009,10,-10
22,12,-9.889388911732471,9.389300529204363,0.03600168374601237,27.7764786518009,10,-10
22,13,-9.889388911732471,9.389300529204363,0.03600168374601237,27.7764786518009,10,-10
22,14,-9.889388911732471,9.389300529204363,0.03600168374601237,27.7764786518009,10,-10
22,15,-9.889388911732471,9.389300529204363,0.03600168374601237,27.7764786518009,10,-10
22,16,-9.889388911732471,9.389300529204363,0.03600168374601237,27.7764786518009,10,-10
22,17,-9.889388911732471,9.389300529204363,0.03600168374601237,27.7764786518009,10,-10
22,18,-9.889388911732471,9.389300529204363,0.03600168374601237,27.7764786518009,10,-10
22,19,-9.889388911732471,9.389300529204363,0.03600168374601237,27.7764786518009,10,-10
22,20,-9.889388911732471,9.389300529204363,0.03600168374601237,27.7764786518009,10,-10
22,21,-9.889388911732471,9.389300529204363,0.03600168374601237,27.7764786518009,10,-10
22,22,-9.889388911732471,9.389300529204363,0.03600168374601237,27.7764786518009,10,-10
22,23,-9.889388911732471,9.389300529204363,0.03600168374601237,27.7764786518009,10,-10
22,24,-9.889388911732471,9.389300529204363,0.03600168374601237,27.7764786518009,10,-10
22,25,-9.889388911732471,9.389300529204363,0.03600168374601237,27.7764786518009,10,-10
22,26,-9.889388911732471,9.389300529204363,0.03600168374601237,27.7764786518009,10,-10
22,27,-9.889388911732471,9.389300529204363,0.03600168374601237,27.7764786518009,10,-10
22,28,-9.889388911732471,9.389300529204363,0.03600168374601237,27.7764786518009,10,-10
22,29,-9.889388911732471,9.389300529204363,0.03600168374601237,27.7764786518009,10,-10
22,30,-9.889388911732471,9.389300529204363,0.03600168374601237,27.7764786518009,10,-10
22,31,-9.889388911732471,9.389300529204363,0.03600168374601237,27.7764786518009,10,-10
22,32,-9.889388911732471,9.389300529204363,0.03600168374601237,27.7764786518009,10,-10
22,33,-9.889388911732471,9.389300529204363,0.03600168374601237,27.7764786518009,10,-10
22,34,-9.889388911732471,9.389300529204363,0.03600168374601237,27.7764786518009,10,-10
22,35,-9.889388911732471,9.389300529204363,0.03600168374601237,27.7764786518009,10,-10
22,36,-9.889388911732471,9.389300529204363,0.03600168374601237,27.7764786518009,10,-10
22,37,-9.889388911732471,9.389300529204363,0.03600168374601237,27.7764786518009,10,-10
22,38,-9.889388911732471,9.389300529204363,0.03600168374601237,27.7764786518009,10,-10
22,39,-9.889388911732471,9.389300529204363,0.03600168374601237,27.7764786518009,10,-10
22,40,-9.889388911732471,9.389300529204363,0.03600168374601237,27.7764786518009,10,-10
22,41,-9.889388911732471,9.389300529204363,0.03600168374601237,27.7764786518009,10,-10
22,42,-9.889388911732471,9.389300529204363,0.03600168374601237,27.7764786518009,10,-10
22,43,-9.889388911732471,9.389300529204363,0.03600168374601237,27.7764786518009,10,-10
22,44,-9.889388911732471,9.389300529204363,0.03600168374601237,27.7764786518009,10,-10
22,45,-9.889388911732471,9.389300529204363,0.03600168374601237,27.7764786518009,10,-10
22,46,-9.889388911732471,9.389300529204363,0.03600168374601237,27.7764786518009,10,-10
22,47,-9.889388911732471,9.389300529204363,0.03600168374601237,27.7764786518009,10,-10
22,48,-9.889388911732471,9.389300529204363,0.03600168374601237,27.7764786518009,10,-10
22,22,-9.889388911732471,9.389300529204363,0.03600168374601237,27.7764786518009,10,-10
22,50,-9.889388911732471,9.389300529204363,0.03600168374601237,27.7764786518009,10,-10
22,51,-9.889388911732471,9.389300529204363,0.03600168374601237,27.7764786518009,10,-10
22,52,-9.889388911732471,9.389300529204363,0.03600168374601237,27.7764786518009,10,-10
22,53,-9.889388911732471,9.389300529204363,0.03600168374601237,27.7764786518009,10,-10
22,54,-9.889388911732471,9.389300529204363,0.03600168374601237,27.7764786518009,10,-10
22,55,-9.889388911732471,9.389300529204363,0.03600168374601237,27.7764786518009,10,-10
22,56,-9.889388911732471,9.389300529204363,0.03600168374601237,27.7764786518009,10,-10
22,57,-9.889388911732471,9.389300529204363,0.03600168374601237,27.7764786518009,10,-10
22,58,-9.889388911732471,9.389300529204363,0.03600168374601237,27.7764786518009,10,-10
22,59,-9.889388911732471,9.389300529204363,0.03600168374601237,27.7764786518009,10,-10
22,60,-9.889388911732471,9.389300529204363,0.03600168374601237,27.7764786518009,10,-10
22,61,-9.889388911732471,9.389300529204363,0.03600168374601237,27.7764786518009,10,-10
22,62,-9.889388911732471,9.389300529204363,0.03600168374601237,27.7764786518009,10,-10
22,63,-9.889388911732471,9.389300529204363,0.03600168374601237,27.7764786518009,10,-10
22,64,-9.889388911732471,9.389300529204363,0.03600168374601237,27.7764786518009,10,-10
22,65,-9.889388911732471,9.389300529204363,0.03600168374601237,27.7764786518009,10,-10
22,66,-9.889388911732471,9.389300529204363,0.03600168374601237,27.7764786518009,10,-10
22,67,-9.889388911732471,9.389300529204363,0.03600168374601237,27.7764786518009,10,-10
22,68,-9.889388911732471,9.389300529204363,0.03600168374601237,27.7764786518009,10,-10
22,69,-9.889388911732471,9.389300529204363,0.03600168374601237,27.7764786518009,10,-10
22,70,-9.889388911732471,9.389300529204363,0.03600168374601237,27.7764786518009,10,-10
22,71,-9.889388911732471,9.389300529204363,0.03600168374601237,27.7764786518009,10,-10
22,72,-9.889388911732471,9.389300529204363,0.03600168374601237,27.7764786518009,10,-10
22,73,-9.889388911732471,9.389300529204363,0.03600168374601237,27.7764786518009,10,-10
22,74,-9.889388911732471,9.389300529204363,0.03600168374601237,27.7764786518009,10,-10
22,75,-9.889388911732471,9.389300529204363,0.03600168374601237,27.7764786518009,10,-10
22,76,-9.889388911732471,9.389300529204363,0.03600168374601237,27.7764786518009,10,-10
22,77,-9.889388911732471,9.389300529204363,0.03600168374601237,27.7764786518009,10,-10
22,78,-9.889388911732471,9.389300529204363,0.03600168374601237,27.7764786518009,10,-10
22,79,-9.889388911732471,9.389300529204363,0.03600168374601237,27.7764786518009,10,-10
22,80,-9.889388911732471,9.389300529204363,0.03600168374601237,27.7764786518009,10,-10
22,81,-9.889388911732471,9.389300529204363,0.03600168374601237,27.7764786518009,10,-10
22,82,-9.889388911732471,9.389300529204363,0.03600168374601237,27.7764786518009,10,-10
22,83,-9.889388911732471,9.389300529204363,0.03600168374601237,27.7764786518009,10,-10
22,84,-9.889388911732471,9.389300529204363,0.03600168374601237,27.7764786518009,10,-10
22,85,-9.889388911732471,9.389300529204363,0.03600168374601237,27.7764786518009,10,-10
22,86,-9.889388911732471,9.389300529204363,0.03600168374601237,27.7764786518009,10,-10
22,87,-9.889388911732471,9.389300529204363,0.03600168374601237,27.7764786518009,10,-10
22,88,-9.889388911732471,9.389300529204363,0.03600168374601237,27.7764786518009,10,-10
22,89,-9.889388911732471,9.389300529204363,0.03600168374601237,27.7764786518009,10,-10
22,90,-9.889388911732471,9.389300529204363,0.03600168374601237,27.7764786518009,10,-10
22,91,-9.889388911732471,9.389300529204363,0.03600168374601237,27.7764786518009,10,-10
22,92,-9.889388911732471,9.389300529204363,0.03600168374601237,27.7764786518009,10,-10
22,93,-9.889388911732471,9.389300529204363,0.03600168374601237,27.7764786518009,10,-10
22,94,-9.889388911732471,9.389300529204363,0.03600168374601237,27.7764786518009,10,-10
22,95,-9.889388911732471,9.389300529204363,0.03600168374601237,27.7764786518009,10,-10
22,96,-9.889388911732471,9.389300529204363,0.03600168374601237,27.7764786518009,10,-10
22,97,-9.889388911732471,9.389300529204363,0.03600168374601237,27.7764786518009,10,-10
22,98,-9.889388911732471,9.389300529204363,0.03600168374601237,27.7764786518009,10,-10
22,99,-9.889388911732471,9.389300529204363,0.03600168374601237,27.7764786518009,10,-10
22,100,-9.889388911732471,9.389300529204363,0.03600168374601237,27.7764786518009,10,-10
22,101,-9.889388911732471,9.389300529204363,0.03600168374601237,27.7764786518009,10,-10
22,102,-9.889388911732471,9.389300529204363,0.03600168374601237,27.7764786518009,10,-10
22,103,-9.889388911732471,9.389300529204363,0.03600168374601237,27.7764786518009,10,-10
22,104,-9.889388911732471,9.389300529204363,0.03600168374601237,27.7764786518009,10,-10
22,105,-9.889388911732471,9.389300529204363,0.03600168374601237,27.7764786518009,10,-10
22,106,-9.889388911732471,9.389300529204363,0.03600168374601237,27.7764786518009,10,-10
22,107,-9.889388911732471,9.389300529204363,0.03600168374601237,27.7764786518009,10,-10
22,108,-9.889388911732471,9.389300529204363,0.03600168374601237,27.7764786518009,10,-10
22,109,-9.889388911732471,9.389300529204363,0.03600168374601237,27.7764786518009,10,-10
22,110,-9.889388911732471,9.389300529204363,0.03600168374601237,27.7764786518009,10,-10
22,111,-9.889388911732471,9.389300529204363,0.03600168374601237,27.7764786518009,10,-10
22,112,-9.889388911732471,9.389300529204363,0.03600168374601237,27.7764786518009,10,-10
22,113,-9.889388911732471,9.389300529204363,0.03600168374601237,27.7764786518009,10,-10
22,114,-9.889388911732471,9.389300529204363,0.03600168374601237,27.7764786518009,10,-10
22,115,-9.889388911732471,9.389300529204363,0.03600168374601237,27.7764786518009,10,-10
22,116,-9.889388911732471,9.389300529204363,0.03600168374601237,27.7764786518009,10,-10
22,117,-9.889388911732471,9.389300529204363,0.03600168374601237,27.7764786518009,10,-10
22,118,-9.889388911732471,9.389300529204363,0.03600168374601237,27.7764786518009,10,-10
22,119,-9.889388911732471,9.389300529204363,0.03600168374601237,27.7764786518009,10,-10
22,120,-9.889388911732471,9.389300529204363,0.03600168374601237,27.7764786518009,10,-10
22,121,-9.889388911732471,9.389300529204363,0.03600168374601237,27.7764786518009,10,-10
22,122,-9.889388911732471,9.389300529204363,0.03600168374601237,27.7764786518009,10,-10
22,123,-9.889388911732471,9.389300529204363,0.03600168374601237,27.7764786518009,10,-10
22,124,-9.889388911732471,9.389300529204363,0.03600168374601237,27.7764786518009,10,-10
22,125,-9.889388911732471,9.389300529204363,0.03600168374601237,27.7764786518009,10,-10
22,126,-9.889388911732471,9.389300529204363,0.03600168374601237,27.7764786518009,10,-10
22,127,-9.889388911732471,9.389300529204363,0.03600168374601237,27.7764786518009,10,-10
22,128,-9.889388911732471,9.389300529204363,0.03600168374601237,27.7764786518009,10,-10
22,129,-9.889388911732471,9.389300529204363,0.03600168374601237,27.7764786518009,10,-10
22,130,-9.889388911732471,9.389300529204363,0.03600168374601237,27.7764786518009,10,-10
22,131,-9.889388911732471,9.389300529204363,0.03600168374601237,27.7764786518009,10,-10
22,132,-9.889388911732471,9.389300529204363,0.03600168374601237,27.7764786518009,10,-10
22,133,-9.889388911732471,9.389300529204363,0.03600168374601237,27.7764786518009,10,-10
22,134,-9.889388911732471,9.389300529204363,0.03600168374601237,27.7764786518009,10,-10
22,135,-9.889388911732471,9.389300529204363,0.03600168374601237,27.7764786518009,10,-10
22,136,-9.889388911732471,9.389300529204363,0.03600168374601237,27.7764786518009,10,-10
22,137,-9.889388911732471,9.389300529204363,0.03600168374601237,27.7764786518009,10,-10
22,138,-9.889388911732471,9.389300529204363,0.03600168374601237,27.7764786518009,10,-10
22,139,-9.889388911732471,9.389300529204363,0.03600168374601237,27.7764786518009,10,-10
22,140,-9.889388911732471,9.389300529204363,0.03600168374601237,27.7764786518009,10,-10
22,141,-9.889388911732471,9.389300529204363,0.03600168374601237,27.7764786518009,10,-10
22,142,-9.889388911732471,9.389300529204363,0.03600168374601237,27.7764786518009,10,-10
22,143,-9.889388911732471,9.389300529204363,0.03600168374601237,27.7764786518009,10,-10
22,144,-9.889388911732471,9.389300529204363,0.03600168374601237,27.7764786518009,10,-10
22,145,-9.889388911732471,9.389300529204363,0.03600168374601237,27.7764786518009,10,-10
22,146,-9.889388911732471,9.389300529204363,0.03600168374601237,27.7764786518009,10,-10
22,147,-9.889388911732471,9.389300529204363,0.03600168374601237,27.7764786518009,10,-10
22,148,-9.889388911732471,9.389300529204363,0.03600168374601237,27.7764786518009,10,-10
22,122,-9.889388911732471,9.389300529204363,0.03600168374601237,27.7764786518009,10,-10
22,150,-9.889388911732471,9.389300529204363,0.03600168374601237,27.7764786518009,10,-10
22,151,-9.889388911732471,9.389300529204363,0.03600168374601237,27.7764786518009,10,-10
22,152,-9.889388911732471,9.389300529204363,0.03600168374601237,27.7764786518009,10,-10
22,153,-9.889388911732471,9.389300529204363,0.03600168374601237,27.7764786518009,10,-10
22,154,-9.889388911732471,9.389300529204363,0.03600168374601237,27.7764786518009,10,-10
22,155,-9.889388911732471,9.389300529204363,0.03600168374601237,27.7764786518009,10,-10
22,156,-9.889388911732471,9.389300529204363,0.03600168374601237,27.7764786518009,10,-10
22,157,-9.889388911732471,9.389300529204363,0.03600168374601237,27.7764786518009,10,-10
22,158,-9.889388911732471,9.389300529204363,0.03600168374601237,27.7764786518009,10,-10
22,159,-9.889388911732471,9.389300529204363,0.03600168374601237,27.7764786518009,10,-10
22,160,-9.889388911732471,9.389300529204363,0.03600168374601237,27.7764786518009,10,-10
22,161,-9.889388911732471,9.389300529204363,0.03600168374601237,27.7764786518009,10,-10
22,162,-9.889388911732471,9.389300529204363,0.03600168374601237,27.7764786518009,10,-10
22,163,-9.889388911732471,9.389300529204363,0.03600168374601237,27.7764786518009,10,-10
22,164,-9.889388911732471,9.389300529204363,0.03600168374601237,27.7764786518009,10,-10
22,165,-9.889388911732471,9.389300529204363,0.03600168374601237,27.7764786518009,10,-10
22,166,-9.889388911732471,9.389300529204363,0.03600168374601237,27.7764786518009,10,-10
22,167,-9.889388911732471,9.389300529204363,0.03600168374601237,27.7764786518009,10,-10
22,168,-9.889388911732471,9.389300529204363,0.03600168374601237,27.7764786518009,10,-10
22,169,-9.889388911732471,9.389300529204363,0.03600168374601237,27.7764786518009,10,-10
22,170,-9.889388911732471,9.389300529204363,0.03600168374601237,27.7764786518009,10,-10
22,171,-9.889388911732471,9.389300529204363,0.03600168374601237,27.7764786518009,10,-10
22,172,-9.889388911732471,9.389300529204363,0.03600168374601237,27.7764786518009,10,-10
22,173,-9.889388911732471,9.389300529204363,0.03600168374601237,27.7764786518009,10,-10
22,174,-9.889388911732471,9.389300529204363,0.03600168374601237,27.7764786518009,10,-10
22,175,-9.889388911732471,9.389300529204363,0.03600168374601237,27.7764786518009,10,-10
22,176,-9.889388911732471,9.389300529204363,0.03600168374601237,27.7764786518009,10,-10
22,177,-9.889388911732471,9.389300529204363,0.03600168374601237,27.7764786518009,10,-10
22,178,-9.889388911732471,9.389300529204363,0.03600168374601237,27.7764786518009,10,-10
22,179,-9.889388911732471,9.389300529204363,0.03600168374601237,27.7764786518009,10,-10
22,180,-9.889388911732471,9.389300529204363,0.03600168374601237,27.7764786518009,10,-10
22,181,-9.889388911732471,9.389300529204363,0.03600168374601237,27.7764786518009,10,-10
22,182,-9.889388911732471,9.389300529204363,0.03600168374601237,27.7764786518009,10,-10
22,183,-9.889388911732471,9.389300529204363,0.03600168374601237,27.7764786518009,10,-10
22,184,-9.889388911732471,9.389300529204363,0.03600168374601237,27.7764786518009,10,-10
22,185,-9.889388911732471,9.389300529204363,0.03600168374601237,27.7764786518009,10,-10
22,186,-9.889388911732471,9.389300529204363,0.03600168374601237,27.7764786518009,10,-10
22,187,-9.889388911732471,9.389300529204363,0.03600168374601237,27.7764786518009,10,-10
22,188,-9.889388911732471,9.389300529204363,0.03600168374601237,27.7764786518009,10,-10
22,189,-9.889388911732471,9.389300529204363,0.03600168374601237,27.7764786518009,10,-10
22,190,-9.889388911732471,9.389300529204363,0.03600168374601237,27.7764786518009,10,-10
22,191,-9.889388911732471,9.389300529204363,0.03600168374601237,27.7764786518009,10,-10
22,192,-9.889388911732471,9.389300529204363,0.03600168374601237,27.7764786518009,10,-10
22,193,-9.889388911732471,9.389300529204363,0.03600168374601237,27.7764786518009,10,-10
22,194,-9.889388911732471,9.389300529204363,0.03600168374601237,27.7764786518009,10,-10
22,195,-9.889388911732471,9.389300529204363,0.03600168374601237,27.7764786518009,10,-10
22,196,-9.889388911732471,9.389300529204363,0.03600168374601237,27.7764786518009,10,-10
22,197,-9.889388911732471,9.389300529204363,0.03600168374601237,27.7764786518009,10,-10
22,198,-9.889388911732471,9.389300529204363,0.03600168374601237,27.7764786518009,10,-10
22,199,-9.889388911732471,9.389300529204363,0.03600168374601237,27.7764786518009,10,-10
22,200,-9.889388911732471,9.389300529204363,0.03600168374601237,27.7764786518009,10,-10
22,201,-9.889388911732471,9.389300529204363,0.03600168374601237,27.7764786518009,10,-10
22,202,-9.889388911732471,9.389300529204363,0.03600168374601237,27.7764786518009,10,-10
22,203,-9.889388911732471,9.389300529204363,0.03600168374601237,27.7764786518009,10,-10
22,204,-9.889388911732471,9.389300529204363,0.03600168374601237,27.7764786518009,10,-10
22,205,-9.889388911732471,9.389300529204363,0.03600168374601237,27.7764786518009,10,-10
22,206,-9.889388911732471,9.389300529204363,0.03600168374601237,27.7764786518009,10,-10
22,207,-9.889388911732471,9.389300529204363,0.03600168374601237,27.7764786518009,10,-10
22,208,-9.889388911732471,9.389300529204363,0.03600168374601237,27.7764786518009,10,-10
22,209,-9.889388911732471,9.389300529204363,0.03600168374601237,27.7764786518009,10,-10
22,210,-9.889388911732471,9.389300529204363,0.03600168374601237,27.7764786518009,10,-10
22,211,-9.889388911732471,9.389300529204363,0.03600168374601237,27.7764786518009,10,-10
22,212,-9.889388911732471,9.389300529204363,0.03600168374601237,27.7764786518009,10,-10
22,213,-9.889388911732471,9.389300529204363,0.03600168374601237,27.7764786518009,10,-10
22,214,-9.889388911732471,9.389300529204363,0.03600168374601237,27.7764786518009,10,-10
22,215,-9.889388911732471,9.389300529204363,0.03600168374601237,27.7764786518009,10,-10
22,216,-9.889388911732471,9.389300529204363,0.03600168374601237,27.7764786518009,10,-10
22,217,-9.889388911732471,9.389300529204363,0.03600168374601237,27.7764786518009,10,-10
22,218,-9.889388911732471,9.389300529204363,0.03600168374601237,27.7764786518009,10,-10
22,219,-9.889388911732471,9.389300529204363,0.03600168374601237,27.7764786518009,10,-10
22,220,-9.889388911732471,9.389300529204363,0.03600168374601237,27.7764786518009,10,-10
22,221,-9.889388911732471,9.389300529204363,0.03600168374601237,27.7764786518009,10,-10
22,222,-9.889388911732471,9.389300529204363,0.03600168374601237,27.7764786518009,10,-10
22,223,-9.889388911732471,9.389300529204363,0.03600168374601237,27.7764786518009,10,-10
22,224,-9.889388911732471,9.389300529204363,0.03600168374601237,27.7764786518009,10,-10
22,225,-9.889388911732471,9.389300529204363,0.03600168374601237,27.7764786518009,10,-10
22,226,-9.889388911732471,9.389300529204363,0.03600168374601237,27.7764786518009,10,-10
22,227,-9.889388911732471,9.389300529204363,0.03600168374601237,27.7764786518009,10,-10
22,228,-9.889388911732471,9.389300529204363,0.03600168374601237,27.7764786518009,10,-10
22,229,-9.889388911732471,9.389300529204363,0.03600168374601237,27.7764786518009,10,-10
22,230,-9.889388911732471,9.389300529204363,0.03600168374601237,27.7764786518009,10,-10
22,231,-9.889388911732471,9.389300529204363,0.03600168374601237,27.7764786518009,10,-10
22,232,-9.889388911732471,9.389300529204363,0.03600168374601237,27.7764786518009,10,-10
22,233,-9.889388911732471,9.389300529204363,0.03600168374601237,27.7764786518009,10,-10
22,234,-9.889388911732471,9.389300529204363,0.03600168374601237,27.7764786518009,10,-10
22,235,-9.889388911732471,9.389300529204363,0.03600168374601237,27.7764786518009,10,-10
22,236,-9.889388911732471,9.389300529204363,0.03600168374601237,27.7764786518009,10,-10
22,237,-9.889388911732471,9.389300529204363,0.03600168374601237,27.7764786518009,10,-10
22,238,-9.889388911732471,9.389300529204363,0.03600168374601237,27.7764786518009,10,-10
22,239,-9.889388911732471,9.389300529204363,0.03600168374601237,27.7764786518009,10,-10
22,240,-9.889388911732471,9.389300529204363,0.03600168374601237,27.7764786518009,10,-10
22,241,-9.889388911732471,9.389300529204363,0.03600168374601237,27.7764786518009,10,-10
22,242,-9.889388911732471,9.389300529204363,0.03600168374601237,27.7764786518009,10,-10
22,243,-9.889388911732471,9.389300529204363,0.03600168374601237,27.7764786518009,10,-10
22,244,-9.889388911732471,9.389300529204363,0.03600168374601237,27.7764786518009,10,-10
22,245,-9.889388911732471,9.389300529204363,0.03600168374601237,27.7764786518009,10,-10
22,246,-9.889388911732471,9.389300529204363,0.03600168374601237,27.7764786518009,10,-10
22,247,-9.889388911732471,9.389300529204363,0.03600168374601237,27.7764786518009,10,-10
22,248,-9.889388911732471,9.389300529204363,0.03600168374601237,27.7764786518009,10,-10
22,222,-9.889388911732471,9.389300529204363,0.03600168374601237,27.7764786518009,10,-10
22,250,-9.889388911732471,9.389300529204363,0.03600168374601237,27.7764786518009,10,-10
22,251,-9.889388911732471,9.389300529204363,0.03600168374601237,27.7764786518009,10,-10
22,252,-9.889388911732471,9.389300529204363,0.03600168374601237,27.7764786518009,10,-10
22,253,-9.889388911732471,9.389300529204363,0.03600168374601237,27.7764786518009,10,-10
22,254,-9.889388911732471,9.389300529204363,0.03600168374601237,27.7764786518009,10,-10
22,255,-9.889388911732471,9.389300529204363,0.03600168374601237,27.7764786518009,10,-10
22,256,-9.889388911732471,9.389300529204363,0.03600168374601237,27.7764786518009,10,-10
22,257,-9.889388911732471,9.389300529204363,0.03600168374601237,27.7764786518009,10,-10
22,258,-9.889388911732471,9.389300529204363,0.03600168374601237,27.7764786518009,10,-10
22,259,-9.889388911732471,9.389300529204363,0.03600168374601237,27.7764786518009,10,-10
22,260,-9.889388911732471,9.389300529204363,0.03600168374601237,27.7764786518009,10,-10
22,261,-9.889388911732471,9.389300529204363,0.03600168374601237,27.7764786518009,10,-10
22,262,-9.889388911732471,9.389300529204363,0.03600168374601237,27.7764786518009,10,-10
22,263,-9.889388911732471,9.389300529204363,0.03600168374601237,27.7764786518009,10,-10
22,264,-9.889388911732471,9.389300529204363,0.03600168374601237,27.7764786518009,10,-10
22,265,-9.889388911732471,9.389300529204363,0.03600168374601237,27.7764786518009,10,-10
22,266,-9.889388911732471,9.389300529204363,0.03600168374601237,27.7764786518009,10,-10
22,267,-9.889388911732471,9.389300529204363,0.03600168374601237,27.7764786518009,10,-10
22,268,-9.889388911732471,9.389300529204363,0.03600168374601237,27.7764786518009,10,-10
22,269,-9.889388911732471,9.389300529204363,0.03600168374601237,27.7764786518009,10,-10
22,270,-9.889388911732471,9.389300529204363,0.03600168374601237,27.7764786518009,10,-10
22,271,-9.889388911732471,9.389300529204363,0.03600168374601237,27.7764786518009,10,-10
22,272,-9.889388911732471,9.389300529204363,0.03600168374601237,27.7764786518009,10,-10
22,273,-9.889388911732471,9.389300529204363,0.03600168374601237,27.7764786518009,10,-10
22,274,-9.889388911732471,9.389300529204363,0.03600168374601237,27.7764786518009,10,-10
22,275,-9.889388911732471,9.389300529204363,0.03600168374601237,27.7764786518009,10,-10
22,276,-9.889388911732471,9.389300529204363,0.03600168374601237,27.7764786518009,10,-10
22,277,-9.889388911732471,9.389300529204363,0.03600168374601237,27.7764786518009,10,-10
22,278,-9.889388911732471,9.389300529204363,0.03600168374601237,27.7764786518009,10,-10
22,279,-9.889388911732471,9.389300529204363,0.03600168374601237,27.7764786518009,10,-10
22,280,-9.889388911732471,9.389300529204363,0.03600168374601237,27.7764786518009,10,-10
22,281,-9.889388911732471,9.389300529204363,0.03600168374601237,27.7764786518009,10,-10
22,282,-9.889388911732471,9.389300529204363,0.03600168374601237,27.7764786518009,10,-10
22,283,-9.889388911732471,9.389300529204363,0.03600168374601237,27.7764786518009,10,-10
22,284,-9.889388911732471,9.389300529204363,0.03600168374601237,27.7764786518009,10,-10
22,285,-9.889388911732471,9.389300529204363,0.03600168374601237,27.7764786518009,10,-10
22,286,-9.889388911732471,9.389300529204363,0.03600168374601237,27.7764786518009,10,-10
22,287,-9.889388911732471,9.389300529204363,0.03600168374601237,27.7764786518009,10,-10
22,288,-9.889388911732471,9.389300529204363,0.03600168374601237,27.7764786518009,10,-10
22,289,-9.889388911732471,9.389300529204363,0.03600168374601237,27.7764786518009,10,-10
22,290,-9.889388911732471,9.389300529204363,0.03600168374601237,27.7764786518009,10,-10
22,291,-9.889388911732471,9.389300529204363,0.03600168374601237,27.7764786518009,10,-10
22,292,-9.889388911732471,9.389300529204363,0.03600168374601237,27.7764786518009,10,-10
22,293,-9.889388911732471,9.389300529204363,0.03600168374601237,27.7764786518009,10,-10
22,294,-9.889388911732471,9.389300529204363,0.03600168374601237,27.7764786518009,10,-10
22,295,-9.889388911732471,9.389300529204363,0.03600168374601237,27.7764786518009,10,-10
22,296,-9.889388911732471,9.389300529204363,0.03600168374601237,27.7764786518009,10,-10
22,297,-9.889388911732471,9.389300529204363,0.03600168374601237,27.7764786518009,10,-10
22,298,-9.889388911732471,9.389300529204363,0.03600168374601237,27.7764786518009,10,-10
22,299,-9.889388911732471,9.389300529204363,0.03600168374601237,27.7764786518009,10,-10
22,300,-9.889388911732471,9.389300529204363,0.03600168374601237,27.7764786518009,10,-10
22,301,-9.889388911732471,9.389300529204363,0.03600168374601237,27.7764786518009,10,-10
22,302,-9.889388911732471,9.389300529204363,0.03600168374601237,27.7764786518009,10,-10
22,303,-9.889388911732471,9.389300529204363,0.03600168374601237,27.7764786518009,10,-10
22,304,-9.889388911732471,9.389300529204363,0.03600168374601237,27.7764786518009,10,-10
22,305,-9.889388911732471,9.389300529204363,0.03600168374601237,27.7764786518009,10,-10
22,306,-9.889388911732471,9.389300529204363,0.03600168374601237,27.7764786518009,10,-10
22,307,-9.889388911732471,9.389300529204363,0.03600168374601237,27.7764786518009,10,-10
22,308,-9.889388911732471,9.389300529204363,0.03600168374601237,27.7764786518009,10,-10
22,309,-9.889388911732471,9.389300529204363,0.03600168374601237,27.7764786518009,10,-10
22,310,-9.889388911732471,9.389300529204363,0.03600168374601237,27.7764786518009,10,-10
22,311,-9.889388911732471,9.389300529204363,0.03600168374601237,27.7764786518009,10,-10
22,312,-9.889388911732471,9.389300529204363,0.03600168374601237,27.7764786518009,10,-10
22,313,-9.889388911732471,9.389300529204363,0.03600168374601237,27.7764786518009,10,-10
22,314,-9.889388911732471,9.389300529204363,0.03600168374601237,27.7764786518009,10,-10
22,315,-9.889388911732471,9.389300529204363,0.03600168374601237,27.7764786518009,10,-10
22,316,-9.889388911732471,9.389300529204363,0.03600168374601237,27.7764786518009,10,-10
22,317,-9.889388911732471,9.389300529204363,0.03600168374601237,27.7764786518009,10,-10
22,318,-9.889388911732471,9.389300529204363,0.03600168374601237,27.7764786518009,10,-10
22,319,-9.889388911732471,9.389300529204363,0.03600168374601237,27.7764786518009,10,-10
22,320,-9.889388911732471,9.389300529204363,0.03600168374601237,27.7764786518009,10,-10
22,321,-9.889388911732471,9.389300529204363,0.03600168374601237,27.7764786518009,10,-10
22,322,-9.889388911732471,9.389300529204363,0.03600168374601237,27.7764786518009,10,-10
22,323,-9.889388911732471,9.389300529204363,0.03600168374601237,27.7764786518009,10,-10
22,324,-9.889388911732471,9.389300529204363,0.03600168374601237,27.7764786518009,10,-10
22,325,-9.889388911732471,9.389300529204363,0.03600168374601237,27.7764786518009,10,-10
22,326,-9.889388911732471,9.389300529204363,0.03600168374601237,27.7764786518009,10,-10
22,327,-9.889388911732471,9.389300529204363,0.03600168374601237,27.7764786518009,10,-10
22,328,-9.889388911732471,9.389300529204363,0.03600168374601237,27.7764786518009,10,-10
22,329,-9.889388911732471,9.389300529204363,0.03600168374601237,27.7764786518009,10,-10
22,330,-9.889388911732471,9.389300529204363,0.03600168374601237,27.7764786518009,10,-10
22,331,-9.889388911732471,9.389300529204363,0.03600168374601237,27.7764786518009,10,-10
22,332,-9.889388911732471,9.389300529204363,0.03600168374601237,27.7764786518009,10,-10
22,333,-9.889388911732471,9.389300529204363,0.03600168374601237,27.7764786518009,10,-10
22,334,-9.889388911732471,9.389300529204363,0.03600168374601237,27.7764786518009,10,-10
22,335,-9.889388911732471,9.389300529204363,0.03600168374601237,27.7764786518009,10,-10
22,336,-9.889388911732471,9.389300529204363,0.03600168374601237,27.7764786518009,10,-10
22,337,-9.889388911732471,9.389300529204363,0.03600168374601237,27.7764786518009,10,-10
22,338,-9.889388911732471,9.389300529204363,0.03600168374601237,27.7764786518009,10,-10
22,339,-9.889388911732471,9.389300529204363,0.03600168374601237,27.7764786518009,10,-10
22,340,-9.889388911732471,9.389300529204363,0.03600168374601237,27.7764786518009,10,-10
22,341,-9.889388911732471,9.389300529204363,0.03600168374601237,27.7764786518009,10,-10
22,342,-9.889388911732471,9.389300529204363,0.03600168374601237,27.7764786518009,10,-10
22,343,-9.889388911732471,9.389300529204363,0.03600168374601237,27.7764786518009,10,-10
22,344,-9.889388911732471,9.389300529204363,0.03600168374601237,27.7764786518009,10,-10
22,345,-9.889388911732471,9.389300529204363,0.03600168374601237,27.7764786518009,10,-10
22,346,-9.889388911732471,9.389300529204363,0.03600168374601237,27.7764786518009,10,-10
22,347,-9.889388911732471,9.389300529204363,0.03600168374601237,27.7764786518009,10,-10
22,348,-9.889388911732471,9.389300529204363,0.03600168374601237,27.7764786518009,10,-10
22,322,-9.889388911732471,9.389300529204363,0.03600168374601237,27.7764786518009,10,-10
22,350,-9.889388911732471,9.389300529204363,0.03600168374601237,27.7764786518009,10,-10
22,351,-9.889388911732471,9.389300529204363,0.03600168374601237,27.7764786518009,10,-10
22,352,-9.889388911732471,9.389300529204363,0.03600168374601237,27.7764786518009,10,-10
22,353,-9.889388911732471,9.389300529204363,0.03600168374601237,27.7764786518009,10,-10
22,354,-9.889388911732471,9.389300529204363,0.03600168374601237,27.7764786518009,10,-10
22,355,-9.889388911732471,9.389300529204363,0.03600168374601237,27.7764786518009,10,-10
22,356,-9.889388911732471,9.389300529204363,0.03600168374601237,27.7764786518009,10,-10
22,357,-9.889388911732471,9.389300529204363,0.03600168374601237,27.7764786518009,10,-10
22,358,-9.889388911732471,9.389300529204363,0.03600168374601237,27.7764786518009,10,-10
22,359,-9.889388911732471,9.389300529204363,0.03600168374601237,27.7764786518009,10,-10
22,360,-9.889388911732471,9.389300529204363,0.03600168374601237,27.7764786518009,10,-10
22,361,-9.889388911732471,9.389300529204363,0.03600168374601237,27.7764786518009,10,-10
22,362,-9.889388911732471,9.389300529204363,0.03600168374601237,27.7764786518009,10,-10
22,363,-9.889388911732471,9.389300529204363,0.03600168374601237,27.7764786518009,10,-10
22,364,-9.889388911732471,9.389300529204363,0.03600168374601237,27.7764786518009,10,-10
22,365,-9.889388911732471,9.389300529204363,0.03600168374601237,27.7764786518009,10,-10
22,366,-9.889388911732471,9.389300529204363,0.03600168374601237,27.7764786518009,10,-10
22,367,-9.889388911732471,9.389300529204363,0.03600168374601237,27.7764786518009,10,-10
22,368,-9.889388911732471,9.389300529204363,0.03600168374601237,27.7764786518009,10,-10
22,369,-9.889388911732471,9.389300529204363,0.03600168374601237,27.7764786518009,10,-10
22,370,-9.889388911732471,9.389300529204363,0.03600168374601237,27.7764786518009,10,-10
22,371,-9.889388911732471,9.389300529204363,0.03600168374601237,27.7764786518009,10,-10
22,372,-9.889388911732471,9.389300529204363,0.03600168374601237,27.7764786518009,10,-10
22,373,-9.889388911732471,9.389300529204363,0.03600168374601237,27.7764786518009,10,-10
22,374,-9.889388911732471,9.389300529204363,0.03600168374601237,27.7764786518009,10,-10
22,375,-9.889388911732471,9.389300529204363,0.03600168374601237,27.7764786518009,10,-10
22,376,-9.889388911732471,9.389300529204363,0.03600168374601237,27.7764786518009,10,-10
22,377,-9.889388911732471,9.389300529204363,0.03600168374601237,27.7764786518009,10,-10
22,378,-9.889388911732471,9.389300529204363,0.03600168374601237,27.7764786518009,10,-10
22,379,-9.889388911732471,9.389300529204363,0.03600168374601237,27.7764786518009,10,-10
22,380,-9.889388911732471,9.389300529204363,0.03600168374601237,27.7764786518009,10,-10
22,381,-9.889388911732471,9.389300529204363,0.03600168374601237,27.7764786518009,10,-10
22,382,-9.889388911732471,9.389300529204363,0.03600168374601237,27.7764786518009,10,-10
22,383,-9.889388911732471,9.389300529204363,0.03600168374601237,27.7764786518009,10,-10
22,384,-9.889388911732471,9.389300529204363,0.03600168374601237,27.7764786518009,10,-10
22,385,-9.889388911732471,9.389300529204363,0.03600168374601237,27.7764786518009,10,-10
22,386,-9.889388911732471,9.389300529204363,0.03600168374601237,27.7764786518009,10,-10
22,387,-9.889388911732471,9.389300529204363,0.03600168374601237,27.7764786518009,10,-10
22,388,-9.889388911732471,9.389300529204363,0.03600168374601237,27.7764786518009,10,-10
22,389,-9.889388911732471,9.389300529204363,0.03600168374601237,27.7764786518009,10,-10
22,390,-9.889388911732471,9.389300529204363,0.03600168374601237,27.7764786518009,10,-10
22,391,-9.889388911732471,9.389300529204363,0.03600168374601237,27.7764786518009,10,-10
22,392,-9.889388911732471,9.389300529204363,0.03600168374601237,27.7764786518009,10,-10
22,393,-9.889388911732471,9.389300529204363,0.03600168374601237,27.7764786518009,10,-10
22,394,-9.889388911732471,9.389300529204363,0.03600168374601237,27.7764786518009,10,-10
22,395,-9.889388911732471,9.389300529204363,0.03600168374601237,27.7764786518009,10,-10
22,396,-9.889388911732471,9.389300529204363,0.03600168374601237,27.7764786518009,10,-10
22,397,-9.889388911732471,9.389300529204363,0.03600168374601237,27.7764786518009,10,-10
22,398,-9.889388911732471,9.389300529204363,0.03600168374601237,27.7764786518009,10,-10
22,399,-9.889388911732471,9.389300529204363,0.03600168374601237,27.7764786518009,10,-10
22,400,-9.889388911732471,9.389300529204363,0.03600168374601237,27.7764786518009,10,-10
22,401,-9.889388911732471,9.389300529204363,0.03600168374601237,27.7764786518009,10,-10
22,402,-9.889388911732471,9.389300529204363,0.03600168374601237,27.7764786518009,10,-10
22,403,-9.889388911732471,9.389300529204363,0.03600168374601237,27.7764786518009,10,-10
22,404,-9.889388911732471,9.389300529204363,0.03600168374601237,27.7764786518009,10,-10
22,405,-9.889388911732471,9.389300529204363,0.03600168374601237,27.7764786518009,10,-10
22,406,-9.889388911732471,9.389300529204363,0.03600168374601237,27.7764786518009,10,-10
22,407,-9.889388911732471,9.389300529204363,0.03600168374601237,27.7764786518009,10,-10
22,408,-9.889388911732471,9.389300529204363,0.03600168374601237,27.7764786518009,10,-10
22,409,-9.889388911732471,9.389300529204363,0.03600168374601237,27.7764786518009,10,-10
22,410,-9.889388911732471,9.389300529204363,0.03600168374601237,27.7764786518009,10,-10
22,411,-9.889388911732471,9.389300529204363,0.03600168374601237,27.7764786518009,10,-10
22,412,-9.889388911732471,9.389300529204363,0.03600168374601237,27.7764786518009,10,-10
22,413,-9.889388911732471,9.389300529204363,0.03600168374601237,27.7764786518009,10,-10
22,414,-9.889388911732471,9.389300529204363,0.03600168374601237,27.7764786518009,10,-10
22,415,-9.889388911732471,9.389300529204363,0.03600168374601237,27.7764786518009,10,-10
22,416,-9.889388911732471,9.389300529204363,0.03600168374601237,27.7764786518009,10,-10
22,417,-9.889388911732471,9.389300529204363,0.03600168374601237,27.7764786518009,10,-10
22,418,-9.889388911732471,9.389300529204363,0.03600168374601237,27.7764786518009,10,-10
22,419,-9.889388911732471,9.389300529204363,0.03600168374601237,27.7764786518009,10,-10
22,420,-9.889388911732471,9.389300529204363,0.03600168374601237,27.7764786518009,10,-10
22,421,-9.889388911732471,9.389300529204363,0.03600168374601237,27.7764786518009,10,-10
22,422,-9.889388911732471,9.389300529204363,0.03600168374601237,27.7764786518009,10,-10
22,423,-9.889388911732471,9.389300529204363,0.03600168374601237,27.7764786518009,10,-10
22,424,-9.889388911732471,9.389300529204363,0.03600168374601237,27.7764786518009,10,-10
22,425,-9.889388911732471,9.389300529204363,0.03600168374601237,27.7764786518009,10,-10
22,426,-9.889388911732471,9.389300529204363,0.03600168374601237,27.7764786518009,10,-10
22,427,-9.889388911732471,9.389300529204363,0.03600168374601237,27.7764786518009,10,-10
22,428,-9.889388911732471,9.389300529204363,0.03600168374601237,27.7764786518009,10,-10
22,429,-9.889388911732471,9.389300529204363,0.03600168374601237,27.7764786518009,10,-10
22,430,-9.889388911732471,9.389300529204363,0.03600168374601237,27.7764786518009,10,-10
22,431,-9.889388911732471,9.389300529204363,0.03600168374601237,27.7764786518009,10,-10
22,432,-9.889388911732471,9.389300529204363,0.03600168374601237,27.7764786518009,10,-10
22,433,-9.889388911732471,9.389300529204363,0.03600168374601237,27.7764786518009,10,-10
22,434,-9.889388911732471,9.389300529204363,0.03600168374601237,27.7764786518009,10,-10
22,435,-9.889388911732471,9.389300529204363,0.03600168374601237,27.7764786518009,10,-10
22,436,-9.889388911732471,9.389300529204363,0.03600168374601237,27.7764786518009,10,-10
22,437,-9.889388911732471,9.389300529204363,0.03600168374601237,27.7764786518009,10,-10
22,438,-9.889388911732471,9.389300529204363,0.03600168374601237,27.7764786518009,10,-10
22,439,-9.889388911732471,9.389300529204363,0.03600168374601237,27.7764786518009,10,-10
22,440,-9.889388911732471,9.389300529204363,0.03600168374601237,27.7764786518009,10,-10
22,441,-9.889388911732471,9.389300529204363,0.03600168374601237,27.7764786518009,10,-10
22,442,-9.889388911732471,9.389300529204363,0.03600168374601237,27.7764786518009,10,-10
22,443,-9.889388911732471,9.389300529204363,0.03600168374601237,27.7764786518009,10,-10
22,444,-9.889388911732471,9.389300529204363,0.03600168374601237,27.7764786518009,10,-10
22,445,-9.889388911732471,9.389300529204363,0.03600168374601237,27.7764786518009,10,-10
22,446,-9.889388911732471,9.389300529204363,0.03600168374601237,27.7764786518009,10,-10
22,447,-9.889388911732471,9.389300529204363,0.03600168374601237,27.7764786518009,10,-10
22,448,-9.889388911732471,9.389300529204363,0.03600168374601237,27.7764786518009,10,-10
22,422,-9.889388911732471,9.389300529204363,0.03600168374601237,27.7764786518009,10,-10
22,450,-9.889388911732471,9.389300529204363,0.03600168374601237,27.7764786518009,10,-10
22,451,-9.889388911732471,9.389300529204363,0.03600168374601237,27.7764786518009,10,-10
22,452,-9.889388911732471,9.389300529204363,0.03600168374601237,27.7764786518009,10,-10
22,453,-9.889388911732471,9.389300529204363,0.03600168374601237,27.7764786518009,10,-10
22,454,-9.889388911732471,9.389300529204363,0.03600168374601237,27.7764786518009,10,-10
22,455,-9.889388911732471,9.389300529204363,0.03600168374601237,27.7764786518009,10,-10
22,456,-9.889388911732471,9.389300529204363,0.03600168374601237,27.7764786518009,10,-10
22,457,-9.889388911732471,9.389300529204363,0.03600168374601237,27.7764786518009,10,-10
22,458,-9.889388911732471,9.389300529204363,0.03600168374601237,27.7764786518009,10,-10
22,459,-9.889388911732471,9.389300529204363,0.03600168374601237,27.7764786518009,10,-10
22,460,-9.889388911732471,9.389300529204363,0.03600168374601237,27.7764786518009,10,-10
22,461,-9.889388911732471,9.389300529204363,0.03600168374601237,27.7764786518009,10,-10
22,462,-9.889388911732471,9.389300529204363,0.03600168374601237,27.7764786518009,10,-10
22,463,-9.889388911732471,9.389300529204363,0.03600168374601237,27.7764786518009,10,-10
22,464,-9.889388911732471,9.389300529204363,0.03600168374601237,27.7764786518009,10,-10
22,465,-9.889388911732471,9.389300529204363,0.03600168374601237,27.7764786518009,10,-10
22,466,-9.889388911732471,9.389300529204363,0.03600168374601237,27.7764786518009,10,-10
22,467,-9.889388911732471,9.389300529204363,0.03600168374601237,27.7764786518009,10,-10
22,468,-9.889388911732471,9.389300529204363,0.03600168374601237,27.7764786518009,10,-10
22,469,-9.889388911732471,9.389300529204363,0.03600168374601237,27.7764786518009,10,-10
22,470,-9.889388911732471,9.389300529204363,0.03600168374601237,27.7764786518009,10,-10
22,471,-9.889388911732471,9.389300529204363,0.03600168374601237,27.7764786518009,10,-10
22,472,-9.889388911732471,9.389300529204363,0.03600168374601237,27.7764786518009,10,-10
22,473,-9.889388911732471,9.389300529204363,0.03600168374601237,27.7764786518009,10,-10
22,474,-9.889388911732471,9.389300529204363,0.03600168374601237,27.7764786518009,10,-10
22,475,-9.889388911732471,9.389300529204363,0.03600168374601237,27.7764786518009,10,-10
22,476,-9.889388911732471,9.389300529204363,0.03600168374601237,27.7764786518009,10,-10
22,477,-9.889388911732471,9.389300529204363,0.03600168374601237,27.7764786518009,10,-10
22,478,-9.889388911732471,9.389300529204363,0.03600168374601237,27.7764786518009,10,-10
22,479,-9.889388911732471,9.389300529204363,0.03600168374601237,27.7764786518009,10,-10
22,480,-9.889388911732471,9.389300529204363,0.03600168374601237,27.7764786518009,10,-10
22,481,-9.889388911732471,9.389300529204363,0.03600168374601237,27.7764786518009,10,-10
22,482,-9.889388911732471,9.389300529204363,0.03600168374601237,27.7764786518009,10,-10
22,483,-9.889388911732471,9.389300529204363,0.03600168374601237,27.7764786518009,10,-10
22,484,-9.889388911732471,9.389300529204363,0.03600168374601237,27.7764786518009,10,-10
22,485,-9.889388911732471,9.389300529204363,0.03600168374601237,27.7764786518009,10,-10
22,486,-9.889388911732471,9.389300529204363,0.03600168374601237,27.7764786518009,10,-10
22,487,-9.889388911732471,9.389300529204363,0.03600168374601237,27.7764786518009,10,-10
22,488,-9.889388911732471,9.389300529204363,0.03600168374601237,27.7764786518009,10,-10
22,489,-9.889388911732471,9.389300529204363,0.03600168374601237,27.7764786518009,10,-10
22,490,-9.889388911732471,9.389300529204363,0.03600168374601237,27.7764786518009,10,-10
22,491,-9.889388911732471,9.389300529204363,0.03600168374601237,27.7764786518009,10,-10
22,492,-9.889388911732471,9.389300529204363,0.03600168374601237,27.7764786518009,10,-10
22,493,-9.889388911732471,9.389300529204363,0.03600168374601237,27.7764786518009,10,-10
22,494,-9.889388911732471,9.389300529204363,0.03600168374601237,27.7764786518009,10,-10
22,495,-9.889388911732471,9.389300529204363,0.03600168374601237,27.7764786518009,10,-10
22,496,-9.889388911732471,9.389300529204363,0.03600168374601237,27.7764786518009,10,-10
22,497,-9.889388911732471,9.389300529204363,0.03600168374601237,27.7764786518009,10,-10
22,498,-9.889388911732471,9.389300529204363,0.03600168374601237,27.7764786518009,10,-10
22,499,-9.889388911732471,9.389300529204363,0.03600168374601237,27.7764786518009,10,-10
22,500,-9.889388911732471,9.389300529204363,0.03600168374601237,27.7764786518009,10,-10
22,501,-9.889388911732471,9.389300529204363,0.03600168374601237,27.7764786518009,10,-10
22,502,-9.889388911732471,9.389300529204363,0.03600168374601237,27.7764786518009,10,-10
22,503,-9.889388911732471,9.389300529204363,0.03600168374601237,27.7764786518009,10,-10
22,504,-9.889388911732471,9.389300529204363,0.03600168374601237,27.7764786518009,10,-10
22,505,-9.889388911732471,9.389300529204363,0.03600168374601237,27.7764786518009,10,-10
22,506,-9.889388911732471,9.389300529204363,0.03600168374601237,27.7764786518009,10,-10
22,507,-9.889388911732471,9.389300529204363,0.03600168374601237,27.7764786518009,10,-10
22,508,-9.889388911732471,9.389300529204363,0.03600168374601237,27.7764786518009,10,-10
22,509,-9.889388911732471,9.389300529204363,0.03600168374601237,27.7764786518009,10,-10
22,510,-9.889388911732471,9.389300529204363,0.03600168374601237,27.7764786518009,10,-10
22,511,-9.889388911732471,9.389300529204363,0.03600168374601237,27.7764786518009,10,-10
22,512,-9.889388911732471,9.389300529204363,0.03600168374601237,27.7764786518009,10,-10
22,513,-9.889388911732471,9.389300529204363,0.03600168374601237,27.7764786518009,10,-10
22,514,-9.889388911732471,9.389300529204363,0.03600168374601237,27.7764786518009,10,-10
22,515,-9.889388911732471,9.389300529204363,0.03600168374601237,27.7764786518009,10,-10
22,516,-9.889388911732471,9.389300529204363,0.03600168374601237,27.7764786518009,10,-10
22,517,-9.889388911732471,9.389300529204363,0.03600168374601237,27.7764786518009,10,-10
22,518,-9.889388911732471,9.389300529204363,0.03600168374601237,27.7764786518009,10,-10
22,519,-9.889388911732471,9.389300529204363,0.03600168374601237,27.7764786518009,10,-10
22,520,-9.889388911732471,9.389300529204363,0.03600168374601237,27.7764786518009,10,-10
22,521,-9.889388911732471,9.389300529204363,0.03600168374601237,27.7764786518009,10,-10
22,522,-9.889388911732471,9.389300529204363,0.03600168374601237,27.7764786518009,10,-10
22,523,-9.889388911732471,9.389300529204363,0.03600168374601237,27.7764786518009,10,-10
22,524,-9.889388911732471,9.389300529204363,0.03600168374601237,27.7764786518009,10,-10
22,525,-9.889388911732471,9.389300529204363,0.03600168374601237,27.7764786518009,10,-10
22,526,-9.889388911732471,9.389300529204363,0.03600168374601237,27.7764786518009,10,-10
22,527,-9.889388911732471,9.389300529204363,0.03600168374601237,27.7764786518009,10,-10
22,528,-9.889388911732471,9.389300529204363,0.03600168374601237,27.7764786518009,10,-10
22,529,-9.889388911732471,9.389300529204363,0.03600168374601237,27.7764786518009,10,-10
22,530,-9.889388911732471,9.389300529204363,0.03600168374601237,27.7764786518009,10,-10
22,531,-9.889388911732471,9.389300529204363,0.03600168374601237,27.7764786518009,10,-10
22,532,-9.889388911732471,9.389300529204363,0.03600168374601237,27.7764786518009,10,-10
22,533,-9.889388911732471,9.389300529204363,0.03600168374601237,27.7764786518009,10,-10
22,534,-9.889388911732471,9.389300529204363,0.03600168374601237,27.7764786518009,10,-10
22,535,-9.889388911732471,9.389300529204363,0.03600168374601237,27.7764786518009,10,-10
22,536,-9.889388911732471,9.389300529204363,0.03600168374601237,27.7764786518009,10,-10
22,537,-9.889388911732471,9.389300529204363,0.03600168374601237,27.7764786518009,10,-10
22,538,-9.889388911732471,9.389300529204363,0.03600168374601237,27.7764786518009,10,-10
22,539,-9.889388911732471,9.389300529204363,0.03600168374601237,27.7764786518009,10,-10
22,540,-9.889388911732471,9.389300529204363,0.03600168374601237,27.7764786518009,10,-10
22,541,-9.889388911732471,9.389300529204363,0.03600168374601237,27.7764786518009,10,-10
22,542,-9.889388911732471,9.389300529204363,0.03600168374601237,27.7764786518009,10,-10
22,543,-9.889388911732471,9.389300529204363,0.03600168374601237,27.7764786518009,10,-10
22,544,-9.889388911732471,9.389300529204363,0.03600168374601237,27.7764786518009,10,-10
22,545,-9.889388911732471,9.389300529204363,0.03600168374601237,27.7764786518009,10,-10
22,546,-9.889388911732471,9.389300529204363,0.03600168374601237,27.7764786518009,10,-10
22,547,-9.889388911732471,9.389300529204363,0.03600168374601237,27.7764786518009,10,-10
22,548,-9.889388911732471,9.389300529204363,0.03600168374601237,27.7764786518009,10,-10
22,522,-9.889388911732471,9.389300529204363,0.03600168374601237,27.7764786518009,10,-10
22,550,-9.889388911732471,9.389300529204363,0.03600168374601237,27.7764786518009,10,-10
22,551,-9.889388911732471,9.389300529204363,0.03600168374601237,27.7764786518009,10,-10
22,552,-9.889388911732471,9.389300529204363,0.03600168374601237,27.7764786518009,10,-10
22,553,-9.889388911732471,9.389300529204363,0.03600168374601237,27.7764786518009,10,-10
22,554,-9.889388911732471,9.389300529204363,0.03600168374601237,27.7764786518009,10,-10
22,555,-9.889388911732471,9.389300529204363,0.03600168374601237,27.7764786518009,10,-10
22,556,-9.889388911732471,9.389300529204363,0.03600168374601237,27.7764786518009,10,-10
22,557,-9.889388911732471,9.389300529204363,0.03600168374601237,27.7764786518009,10,-10
22,558,-9.889388911732471,9.389300529204363,0.03600168374601237,27.7764786518009,10,-10
22,559,-9.889388911732471,9.389300529204363,0.03600168374601237,27.7764786518009,10,-10
22,560,-9.889388911732471,9.389300529204363,0.03600168374601237,27.7764786518009,10,-10
22,561,-9.889388911732471,9.389300529204363,0.03600168374601237,27.7764786518009,10,-10
22,562,-9.889388911732471,9.389300529204363,0.03600168374601237,27.7764786518009,10,-10
22,563,-9.889388911732471,9.389300529204363,0.03600168374601237,27.7764786518009,10,-10
22,564,-9.889388911732471,9.389300529204363,0.03600168374601237,27.7764786518009,10,-10
22,565,-9.889388911732471,9.389300529204363,0.03600168374601237,27.7764786518009,10,-10
22,566,-9.889388911732471,9.389300529204363,0.03600168374601237,27.7764786518009,10,-10
22,567,-9.889388911732471,9.389300529204363,0.03600168374601237,27.7764786518009,10,-10
22,568,-9.889388911732471,9.389300529204363,0.03600168374601237,27.7764786518009,10,-10
22,569,-9.889388911732471,9.389300529204363,0.03600168374601237,27.7764786518009,10,-10
22,570,-9.889388911732471,9.389300529204363,0.03600168374601237,27.7764786518009,10,-10
22,571,-9.889388911732471,9.389300529204363,0.03600168374601237,27.7764786518009,10,-10
22,572,-9.889388911732471,9.389300529204363,0.03600168374601237,27.7764786518009,10,-10
22,573,-9.889388911732471,9.389300529204363,0.03600168374601237,27.7764786518009,10,-10
22,574,-9.889388911732471,9.389300529204363,0.03600168374601237,27.7764786518009,10,-10
22,575,-9.889388911732471,9.389300529204363,0.03600168374601237,27.7764786518009,10,-10
22,576,-9.889388911732471,9.389300529204363,0.03600168374601237,27.7764786518009,10,-10
22,577,-9.889388911732471,9.389300529204363,0.03600168374601237,27.7764786518009,10,-10
22,578,-9.889388911732471,9.389300529204363,0.03600168374601237,27.7764786518009,10,-10
22,579,-9.889388911732471,9.389300529204363,0.03600168374601237,27.7764786518009,10,-10
22,580,-9.889388911732471,9.389300529204363,0.03600168374601237,27.7764786518009,10,-10
22,581,-9.889388911732471,9.389300529204363,0.03600168374601237,27.7764786518009,10,-10
22,582,-9.889388911732471,9.389300529204363,0.03600168374601237,27.7764786518009,10,-10
22,583,-9.889388911732471,9.389300529204363,0.03600168374601237,27.7764786518009,10,-10
22,584,-9.889388911732471,9.389300529204363,0.03600168374601237,27.7764786518009,10,-10
22,585,-9.889388911732471,9.389300529204363,0.03600168374601237,27.7764786518009,10,-10
22,586,-9.889388911732471,9.389300529204363,0.03600168374601237,27.7764786518009,10,-10
22,587,-9.889388911732471,9.389300529204363,0.03600168374601237,27.7764786518009,10,-10
22,588,-9.889388911732471,9.389300529204363,0.03600168374601237,27.7764786518009,10,-10
22,589,-9.889388911732471,9.389300529204363,0.03600168374601237,27.7764786518009,10,-10
22,590,-9.889388911732471,9.389300529204363,0.03600168374601237,27.7764786518009,10,-10
22,591,-9.889388911732471,9.389300529204363,0.03600168374601237,27.7764786518009,10,-10
22,592,-9.889388911732471,9.389300529204363,0.03600168374601237,27.7764786518009,10,-10
22,593,-9.889388911732471,9.389300529204363,0.03600168374601237,27.7764786518009,10,-10
22,594,-9.889388911732471,9.389300529204363,0.03600168374601237,27.7764786518009,10,-10
22,595,-9.889388911732471,9.389300529204363,0.03600168374601237,27.7764786518009,10,-10
22,596,-9.889388911732471,9.389300529204363,0.03600168374601237,27.7764786518009,10,-10
22,597,-9.889388911732471,9.389300529204363,0.03600168374601237,27.7764786518009,10,-10
22,598,-9.889388911732471,9.389300529204363,0.03600168374601237,27.7764786518009,10,-10
22,599,-9.889388911732471,9.389300529204363,0.03600168374601237,27.7764786518009,10,-10
22,600,-9.889388911732471,9.389300529204363,0.03600168374601237,27.7764786518009,10,-10
22,601,-9.889388911732471,9.389300529204363,0.03600168374601237,27.7764786518009,10,-10
22,602,-9.889388911732471,9.389300529204363,0.03600168374601237,27.7764786518009,10,-10
22,603,-9.889388911732471,9.389300529204363,0.03600168374601237,27.7764786518009,10,-10
22,604,-9.889388911732471,9.389300529204363,0.03600168374601237,27.7764786518009,10,-10
22,605,-9.889388911732471,9.389300529204363,0.03600168374601237,27.7764786518009,10,-10
22,606,-9.889388911732471,9.389300529204363,0.03600168374601237,27.7764786518009,10,-10
22,607,-9.889388911732471,9.389300529204363,0.03600168374601237,27.7764786518009,10,-10
22,608,-9.889388911732471,9.389300529204363,0.03600168374601237,27.7764786518009,10,-10
22,609,-9.889388911732471,9.389300529204363,0.03600168374601237,27.7764786518009,10,-10
22,610,-9.889388911732471,9.389300529204363,0.03600168374601237,27.7764786518009,10,-10
22,611,-9.889388911732471,9.389300529204363,0.03600168374601237,27.7764786518009,10,-10
22,612,-9.889388911732471,9.389300529204363,0.03600168374601237,27.7764786518009,10,-10
22,613,-9.889388911732471,9.389300529204363,0.03600168374601237,27.7764786518009,10,-10
22,614,-9.889388911732471,9.389300529204363,0.03600168374601237,27.7764786518009,10,-10
22,615,-9.889388911732471,9.389300529204363,0.03600168374601237,27.7764786518009,10,-10
22,616,-9.889388911732471,9.389300529204363,0.03600168374601237,27.7764786518009,10,-10
22,617,-9.889388911732471,9.389300529204363,0.03600168374601237,27.7764786518009,10,-10
22,618,-9.889388911732471,9.389300529204363,0.03600168374601237,27.7764786518009,10,-10
22,619,-9.889388911732471,9.389300529204363,0.03600168374601237,27.7764786518009,10,-10
22,620,-9.889388911732471,9.389300529204363,0.03600168374601237,27.7764786518009,10,-10
22,621,-9.889388911732471,9.389300529204363,0.03600168374601237,27.7764786518009,10,-10
22,622,-9.889388911732471,9.389300529204363,0.03600168374601237,27.7764786518009,10,-10
22,623,-9.889388911732471,9.389300529204363,0.03600168374601237,27.7764786518009,10,-10
22,624,-9.889388911732471,9.389300529204363,0.03600168374601237,27.7764786518009,10,-10
22,625,-9.889388911732471,9.389300529204363,0.03600168374601237,27.7764786518009,10,-10
22,626,-9.889388911732471,9.389300529204363,0.03600168374601237,27.7764786518009,10,-10
22,627,-9.889388911732471,9.389300529204363,0.03600168374601237,27.7764786518009,10,-10
22,628,-9.889388911732471,9.389300529204363,0.03600168374601237,27.7764786518009,10,-10
22,629,-9.889388911732471,9.389300529204363,0.03600168374601237,27.7764786518009,10,-10
22,630,-9.889388911732471,9.389300529204363,0.03600168374601237,27.7764786518009,10,-10
22,631,-9.889388911732471,9.389300529204363,0.03600168374601237,27.7764786518009,10,-10
22,632,-9.889388911732471,9.389300529204363,0.03600168374601237,27.7764786518009,10,-10
22,633,-9.889388911732471,9.389300529204363,0.03600168374601237,27.7764786518009,10,-10
22,634,-9.889388911732471,9.389300529204363,0.03600168374601237,27.7764786518009,10,-10
22,635,-9.889388911732471,9.389300529204363,0.03600168374601237,27.7764786518009,10,-10
22,636,-9.889388911732471,9.389300529204363,0.03600168374601237,27.7764786518009,10,-10
22,637,-9.889388911732471,9.389300529204363,0.03600168374601237,27.7764786518009,10,-10
22,638,-9.889388911732471,9.389300529204363,0.03600168374601237,27.7764786518009,10,-10
22,639,-9.889388911732471,9.389300529204363,0.03600168374601237,27.7764786518009,10,-10
22,640,-9.889388911732471,9.389300529204363,0.03600168374601237,27.7764786518009,10,-10
22,641,-9.889388911732471,9.389300529204363,0.03600168374601237,27.7764786518009,10,-10
22,642,-9.889388911732471,9.389300529204363,0.03600168374601237,27.7764786518009,10,-10
22,643,-9.889388911732471,9.389300529204363,0.03600168374601237,27.7764786518009,10,-10
22,644,-9.889388911732471,9.389300529204363,0.03600168374601237,27.7764786518009,10,-10
22,645,-9.889388911732471,9.389300529204363,0.03600168374601237,27.7764786518009,10,-10
22,646,-9.889388911732471,9.389300529204363,0.03600168374601237,27.7764786518009,10,-10
22,647,-9.889388911732471,9.389300529204363,0.03600168374601237,27.7764786518009,10,-10
22,648,-9.889388911732471,9.389300529204363,0.03600168374601237,27.7764786518009,10,-10
22,622,-9.889388911732471,9.389300529204363,0.03600168374601237,27.7764786518009,10,-10
22,650,-9.889388911732471,9.389300529204363,0.03600168374601237,27.7764786518009,10,-10
22,651,-9.889388911732471,9.389300529204363,0.03600168374601237,27.7764786518009,10,-10
22,652,-9.889388911732471,9.389300529204363,0.03600168374601237,27.7764786518009,10,-10
22,653,-9.889388911732471,9.389300529204363,0.03600168374601237,27.7764786518009,10,-10
22,654,-9.889388911732471,9.389300529204363,0.03600168374601237,27.7764786518009,10,-10
22,655,-9.889388911732471,9.389300529204363,0.03600168374601237,27.7764786518009,10,-10
22,656,-9.889388911732471,9.389300529204363,0.03600168374601237,27.7764786518009,10,-10
22,657,-9.889388911732471,9.389300529204363,0.03600168374601237,27.7764786518009,10,-10
22,658,-9.889388911732471,9.389300529204363,0.03600168374601237,27.7764786518009,10,-10
22,659,-9.889388911732471,9.389300529204363,0.03600168374601237,27.7764786518009,10,-10
22,660,-9.889388911732471,9.389300529204363,0.03600168374601237,27.7764786518009,10,-10
22,661,-9.889388911732471,9.389300529204363,0.03600168374601237,27.7764786518009,10,-10
22,662,-9.889388911732471,9.389300529204363,0.03600168374601237,27.7764786518009,10,-10
22,663,-9.889388911732471,9.389300529204363,0.03600168374601237,27.7764786518009,10,-10
22,664,-9.889388911732471,9.389300529204363,0.03600168374601237,27.7764786518009,10,-10
22,665,-9.889388911732471,9.389300529204363,0.03600168374601237,27.7764786518009,10,-10
22,666,-9.889388911732471,9.389300529204363,0.03600168374601237,27.7764786518009,10,-10
22,667,-9.889388911732471,9.389300529204363,0.03600168374601237,27.7764786518009,10,-10
22,668,-9.889388911732471,9.389300529204363,0.03600168374601237,27.7764786518009,10,-10
22,669,-9.889388911732471,9.389300529204363,0.03600168374601237,27.7764786518009,10,-10
22,670,-9.889388911732471,9.389300529204363,0.03600168374601237,27.7764786518009,10,-10
22,671,-9.889388911732471,9.389300529204363,0.03600168374601237,27.7764786518009,10,-10
22,672,-9.889388911732471,9.389300529204363,0.03600168374601237,27.7764786518009,10,-10
22,673,-9.889388911732471,9.389300529204363,0.03600168374601237,27.7764786518009,10,-10
22,674,-9.889388911732471,9.389300529204363,0.03600168374601237,27.7764786518009,10,-10
22,675,-9.889388911732471,9.389300529204363,0.03600168374601237,27.7764786518009,10,-10
22,676,-9.889388911732471,9.389300529204363,0.03600168374601237,27.7764786518009,10,-10
22,677,-9.889388911732471,9.389300529204363,0.03600168374601237,27.7764786518009,10,-10
22,678,-9.889388911732471,9.389300529204363,0.03600168374601237,27.7764786518009,10,-10
22,679,-9.889388911732471,9.389300529204363,0.03600168374601237,27.7764786518009,10,-10
22,680,-9.889388911732471,9.389300529204363,0.03600168374601237,27.7764786518009,10,-10
22,681,-9.889388911732471,9.389300529204363,0.03600168374601237,27.7764786518009,10,-10
22,682,-9.889388911732471,9.389300529204363,0.03600168374601237,27.7764786518009,10,-10
22,683,-9.889388911732471,9.389300529204363,0.03600168374601237,27.7764786518009,10,-10
22,684,-9.889388911732471,9.389300529204363,0.03600168374601237,27.7764786518009,10,-10
22,685,-9.889388911732471,9.389300529204363,0.03600168374601237,27.7764786518009,10,-10
22,686,-9.889388911732471,9.389300529204363,0.03600168374601237,27.7764786518009,10,-10
22,687,-9.889388911732471,9.389300529204363,0.03600168374601237,27.7764786518009,10,-10
22,688,-9.889388911732471,9.389300529204363,0.03600168374601237,27.7764786518009,10,-10
22,689,-9.889388911732471,9.389300529204363,0.03600168374601237,27.7764786518009,10,-10
22,690,-9.889388911732471,9.389300529204363,0.03600168374601237,27.7764786518009,10,-10
22,691,-9.889388911732471,9.389300529204363,0.03600168374601237,27.7764786518009,10,-10
22,692,-9.889388911732471,9.389300529204363,0.03600168374601237,27.7764786518009,10,-10
22,693,-9.889388911732471,9.389300529204363,0.03600168374601237,27.7764786518009,10,-10
22,694,-9.889388911732471,9.389300529204363,0.03600168374601237,27.7764786518009,10,-10
22,695,-9.889388911732471,9.389300529204363,0.03600168374601237,27.7764786518009,10,-10
22,696,-9.889388911732471,9.389300529204363,0.03600168374601237,27.7764786518009,10,-10
22,697,-9.889388911732471,9.389300529204363,0.03600168374601237,27.7764786518009,10,-10
22,698,-9.889388911732471,9.389300529204363,0.03600168374601237,27.7764786518009,10,-10
22,699,-9.889388911732471,9.389300529204363,0.03600168374601237,27.7764786518009,10,-10
